Grade,Team,Linked_Team1,Linked_Team2,Linked_Team3,Linked_Team4,Linked_Team5,Linked_Team6,Linked_Team7,Linked_Team8,Unavailable_Times
Saturday U10 Boys Div  1,Lakers U10 Boys Gold,,,,,,,,,
Saturday U10 Boys Div  1,St Kilda Warriors BRAVE U10 Boys,St Kilda Warriors POWER U10 Boys,St Kilda Warriors BRAVE U12 Boys,St Kilda Warriors POWER U12 Boys,St Kilda Warriors FIERCE U12 Boys,St Kilda Warriors BOLD U12 Boys,St Kilda Warriors STRONG U12 Boys,St Kilda Warriors SPIRIT U12 Boys,,>9 am
Saturday U10 Boys Div  1,Thunder Warriors U10 Boys,,,,,,,,,<11 am
Saturday U10 Boys Div  1,Tigers U10 Boys Claws,,,,,,,,,
Saturday U10 Boys Div  2,ABA U10 Wolverines Mighty,,,,,,,,,
Saturday U10 Boys Div  2,Carnegie Chargers U10 Boys Andrew,Carnegie Chargers U12 Boys Andrew,Carnegie Chargers U14 Boys Beau,,,,,,,
Saturday U10 Boys Div  2,Hero Warriors U10 Boys,Le Bron Warriors U12 Boys,,,,,,,,
Saturday U10 Boys Div  2,RAPTORS U10 Boys Damien,,,,,,,,,
Saturday U10 Boys Div  2,Saints U10 Boys Sonics,,,,,,,,,
Saturday U10 Boys Div  2,Thunder Wolves U10 Boys,,,,,,,,,>9:45 am
Saturday U10 Boys Div  2,Tigers OG Stars,,,,,,,,,
Saturday U10 Boys Div  2,Vampires Basketball U10 Boys Midnight Vampires,,,,,,,,,
Saturday U10 Boys Div  3,JETS U10 Boys Serge,JETS U10 Boys Jason,JETS U12 Boys David,,,,,,,
Saturday U10 Boys Div  3,Lakers U10 Boys Black,,,,,,,,,
Saturday U10 Boys Div  3,Lakers U10 Boys Green,Lakers U12 Boys Gold,,,,,,,,
Saturday U10 Boys Div  3,Lakers U10 Boys Red,,,,,,,,,
Saturday U10 Boys Div  3,Magic Wolves U10 Boys,,,,,,,,,
Saturday U10 Boys Div  3,MM U10 Boys Pistons,MM U14 Boys Blazers,MM U14 Boys Spurs,MM U18 Boys Thunder,MM U12 Boys Rockets,,,,,
Saturday U10 Boys Div  3,RAPTORS U10 Boys Andy,,,,,,,,,
Saturday U10 Boys Div  3,Saints U10 Boys Hounds,,,,,,,,,
Saturday U10 Boys Div  4,JETS U10 Boys Jason,JETS U10 Boys Serge,JETS U12 Boys David,,,,,,,
Saturday U10 Boys Div  4,JETS U10 Boys Shannon,JETS U8 Boys Shannon,,,,,,,,
Saturday U10 Boys Div  4,Lakers U10 Boys Blue,,,,,,,,,
Saturday U10 Boys Div  4,Saints U10 Boys Nuggets,,,,,,,,,>9:45 am
Saturday U10 Boys Div  4,Saints U10 Boys Storm,,,,,,,,,
Saturday U10 Boys Div  4,St Kilda Warriors POWER U10 Boys,St Kilda Warriors BRAVE U10 Boys,St Kilda Warriors BRAVE U12 Boys,St Kilda Warriors POWER U12 Boys,St Kilda Warriors FIERCE U12 Boys,St Kilda Warriors BOLD U12 Boys,St Kilda Warriors STRONG U12 Boys,St Kilda Warriors SPIRIT U12 Boys,Melbourne Wolves U8 Carter,
Saturday U10 Boys Div  4,Werewolves U10 Boys,,,,,,,,,
Saturday U10 Boys Div  5,ABA U10 Wolverines Shatter,,,,,,,,,
Saturday U10 Boys Div  5,Carnegie Chargers U10 Boys Greg & Darcy,Carnegie Chargers U14 Boys Greg,Carnegie Chargers U16 Boys Greg,,,,,,,
Saturday U10 Boys Div  5,Carnegie Chargers U10 Boys Justin,Carnegie Chargers U12 Boys Justin,,,,,,,,
Saturday U10 Boys Div  5,JETS U10 Boys Dan,,,,,,,,,
Saturday U10 Boys Div  5,JETS U10 Boys James,,,,,,,,,
Saturday U10 Boys Div  5,JETS U10 Boys Paul,,,,,,,,,
Saturday U10 Boys Div  5,MM U10 Boys Clippers,MM U14 Boys Pacers,,,,,,,,
Saturday U10 Boys Div  5,MM U10 Boys Raiders,MM U12 Boys Rockets,,,,,,,,
Saturday U10 Boys Div  5,MM U10 Boys Sharks,,,,,,,,,
Saturday U10 Boys Div  6,Apache Warriors U10 Boys,,,,,,,,,
Saturday U10 Boys Div  6,JETS U10 Boys Anton,JETS U12 Boys Anton,,,,,,,,
Saturday U10 Boys Div  6,MM U10 Boys Cubs,MM U8 Boys Phoenix,,,,,,,,>10:30 am
Saturday U10 Boys Div  6,RAPTORS U10 Boys Dillon/Christian,,,,,,,,,
Saturday U10 Boys Div  6,RAPTORS U10 Boys James,,,,,,,,,
Saturday U10 Boys Div  6,Saints U10 Boys Celtics,,,,,,,,,
Saturday U10 Boys Div  7,Combat Warriors U10 Boys,All Star Warriors U8 Mixed,Spirit Warriors U12 Boys,,,,,,,
Saturday U10 Boys Div  7,JETS U10 Boys Josh,,,,,,,,,
Saturday U10 Boys Div  7,JETS U10 Boys Lauren & Ryan,,,,,,,,,
Saturday U10 Boys Div  7,Lakers U10 Boys Burgundy,,,,,,,,,
Saturday U10 Boys Div  7,Lakers U10 Boys Navy,,,,,,,,,
Saturday U10 Boys Div  7,Lakers U10 Boys Orange,,,,,,,,,
Saturday U10 Boys Div  7,Lakers U10 Boys Silver,,,,,,,,,
Saturday U10 Boys Div  7,Lakers U10 Boys Yellow,,,,,,,,,
Saturday U10 Boys Div  7,RAPTORS U10 Boys Andrew,,,,,,,,,>9:45 am
Saturday U10 Boys Div  7,Sonic Wolves U10 Boys,,,,,,,,,
Saturday U10 Boys Div  8 Modified,Howling Wolves U10 Boys,,,,,,,,,
Saturday U10 Boys Div  8 Modified,JETS U10 Boys Anthony,,,,,,,,,
Saturday U10 Boys Div  8 Modified,JETS U10 Boys Daniel,,,,,,,,,
Saturday U10 Boys Div  8 Modified,Saints U10 Boys Lightning,,,,,,,,,
Saturday U10 Boys Div  8 Modified,Saints U10 Boys Rockets,,,,,,,,,
Saturday U10 Boys Div  8 Modified,Sonic Warriors U10 Boys,Immortal Warriors U14 Boys,,,,,,,,<10 am
Saturday U10 Boys Div  8 Modified,Vampires Basketball U10 Boys Howlers,,,,,,,,,
Saturday U10 Boys Div  9 Modified,Carnegie Chargers U10 Boys Bernard & Simon,,,,,,,,,
Saturday U10 Boys Div  9 Modified,Jedi Warriors U10 Boys,,,,,,,,,>9:45 am
Saturday U10 Boys Div  9 Modified,JETS U10 Boys Mike,,,,,,,,,
Saturday U10 Boys Div  9 Modified,Lakers U10 Boys Teal,,,,,,,,,
Saturday U12 Boys Div  1 (Pool 1),Electric Wolves U12 Boys,,,,,,,,,
Saturday U12 Boys Div  1 (Pool 1),Gladiator Warriors U12 Boys,,,,,,,,,<12 pm
Saturday U12 Boys Div  1 (Pool 1),JETS U12 Boys Darcy,Saints U16 Boys Storm,,,,,,,,<10 am
Saturday U12 Boys Div  1 (Pool 1),JETS U12 Boys Marco,,,,,,,,,
Saturday U12 Boys Div  1 (Pool 1),Saints U12 Boys Kings,Saints U14 Boys Panthers,,,,,,,,
Saturday U12 Boys Div  1 (Pool 1),Saints U12 Boys Knicks,,,,,,,,,
Saturday U12 Boys Div  1 (Pool 1),Vampires Basketball U12 Boys Blood Ballers,Vampires Basketball U12 Boys Ravens,Vampires Basketball U12 Boys Phoenixes,,,,,,,
Saturday U12 Boys Div  1 (Pool 2),ABA U12 Wolverines Switch,,,,,,,,,
Saturday U12 Boys Div  1 (Pool 2),Carnegie Chargers U12 Boys Mina,Carnegie Chargers U12 Boys Quinn,,,,,,,,
Saturday U12 Boys Div  1 (Pool 2),JETS U12 Boys Zoe,,,,,,,,,
Saturday U12 Boys Div  1 (Pool 2),Lakers U12 Boys Aqua,,,,,,,,,
Saturday U12 Boys Div  1 (Pool 2),Saints U12 Boys Giants,,,,,,,,,
Saturday U12 Boys Div  1 (Pool 2),Saints U12 Boys Pistons,Saints U14 Boys Phoenix,Saints U14 Boys Panthers,,,,,,,
Saturday U12 Boys Div  2,Carnegie Chargers U12 Boys Andrew,Carnegie Chargers U10 Boys Andrew,Carnegie Chargers U14 Boys Beau,,,,,,,
Saturday U12 Boys Div  2,Dark Wolves U12 Boys,Fierce Wolves U14 Boys,,,,,,,,
Saturday U12 Boys Div  2,JETS U12 Boys Andrew,,,,,,,,,
Saturday U12 Boys Div  2,Lakers U12 Boys Blue,,,,,,,,,<12 pm
Saturday U12 Boys Div  2,RAPTORS U12 Boys Richard,,,,,,,,,
Saturday U12 Boys Div  2,St Kilda Warriors BRAVE U12 Boys,St Kilda Warriors BRAVE U10 Boys,St Kilda Warriors POWER U10 Boys,St Kilda Warriors POWER U12 Boys,St Kilda Warriors FIERCE U12 Boys,St Kilda Warriors BOLD U12 Boys,St Kilda Warriors STRONG U12 Boys,St Kilda Warriors SPIRIT U12 Boys,,
Saturday U12 Boys Div  3,Lakers U12 Boys Navy,,,,,,,,,
Saturday U12 Boys Div  3,RAPTORS U12 Boys Chris,,,,,,,,,
Saturday U12 Boys Div  3,Saints U12 Boys Warriors,,,,,,,,,
Saturday U12 Boys Div  3,St Kilda Warriors POWER U12 Boys,St Kilda Warriors BRAVE U10 Boys,St Kilda Warriors POWER U10 Boys,St Kilda Warriors BRAVE U12 Boys,St Kilda Warriors FIERCE U12 Boys,St Kilda Warriors BOLD U12 Boys,St Kilda Warriors STRONG U12 Boys,St Kilda Warriors SPIRIT U12 Boys,,
Saturday U12 Boys Div  3,Titan Warriors U12 Boys,,,,,,,,,
Saturday U12 Boys Div  3,Vampires U12 Boys Shadow Dunkers,,,,,,,,,
Saturday U12 Boys Div  4,ABA U12 Wolverines Venom,,,,,,,,,
Saturday U12 Boys Div  4,Carnegie Chargers U12 Boys Quinn,Carnegie Chargers U12 Boys Mina,Carnegie Chargers U18 Boys Ben,,,,,,,
Saturday U12 Boys Div  4,Fire Wolves U12 Boys,,,,,,,,,
Saturday U12 Boys Div  4,JETS U12 Boys Wills,JETS U18 Boys Daniel,,,,,,,,
Saturday U12 Boys Div  4,Lakers U12 Boys Silver,Lakers U14 Boys Burgundy,,,,,,,,
Saturday U12 Boys Div  4,St Kilda Warriors FIERCE U12 Boys,St Kilda Warriors BRAVE U10 Boys,St Kilda Warriors POWER U10 Boys,St Kilda Warriors BRAVE U12 Boys,St Kilda Warriors POWER U12 Boys,St Kilda Warriors BOLD U12 Boys,St Kilda Warriors STRONG U12 Boys,St Kilda Warriors SPIRIT U12 Boys,,<12:30 pm
Saturday U12 Boys Div  4,Timberwolves U12 Boys,,,,,,,,,
Saturday U12 Boys Div  5,JETS U12 Boys Elliot & Zachary,JETS U16 Boys Paul,JETS U18 Boys Daniel,,,,,,,<11:15 am
Saturday U12 Boys Div  5,Le Bron Warriors U12 Boys,Hero Warriors U10 Boys,,,,,,,,
Saturday U12 Boys Div  5,MM U12 Boys Taipans,MM U18 Boys Titans,,,,,,,,
Saturday U12 Boys Div  5,St Kilda Warriors BOLD U12 Boys,St Kilda Warriors BRAVE U10 Boys,St Kilda Warriors POWER U10 Boys,St Kilda Warriors BRAVE U12 Boys,St Kilda Warriors POWER U12 Boys,St Kilda Warriors FIERCE U12 Boys,St Kilda Warriors STRONG U12 Boys,St Kilda Warriors SPIRIT U12 Boys,,>11:30 am
Saturday U12 Boys Div  5,Storm Wolves U12 Boys,,,,,,,,,
Saturday U12 Boys Div  5,Vampires U12 Boys Chiefs,,,,,,,,,
Saturday U12 Boys Div  6,ABA U12 Wolverines Alpha,,,,,,,,,
Saturday U12 Boys Div  6,Black Wolves U12 Boys,,,,,,,,,
Saturday U12 Boys Div  6,JETS U12 Boys Chris,,,,,,,,,
Saturday U12 Boys Div  6,JETS U12 Boys Greg,,,,,,,,,
Saturday U12 Boys Div  6,Lakers U12 Boys Green,,,,,,,,,
Saturday U12 Boys Div  6,Saints U12 Boys Mavericks,Saints U14 Boys Blazers,,,,,,,,
Saturday U12 Boys Div  6,Vampires Basketball U12 Boys Ravens,Vampires Basketball U12 Boys Blood Ballers,Vampires Basketball U12 Boys Phoenixes,,,,,,,
Saturday U12 Boys Div  6,Wild Wolves U12 Boys,,,,,,,,,
Saturday U12 Boys Div  7,Blue Wolves U12 Boys,,,,,,,,,
Saturday U12 Boys Div  7,Carnegie Chargers U12 Boys Justin,Carnegie Chargers U10 Boys Justin,,,,,,,,
Saturday U12 Boys Div  7,JETS U12 Boys Richard,,,,,,,,,
Saturday U12 Boys Div  7,Lakers U12 Boys Burgundy,,,,,,,,,
Saturday U12 Boys Div  7,St Kilda Warriors STRONG U12 Boys,St Kilda Warriors BRAVE U10 Boys,St Kilda Warriors POWER U10 Boys,St Kilda Warriors BRAVE U12 Boys,St Kilda Warriors POWER U12 Boys,St Kilda Warriors FIERCE U12 Boys,St Kilda Warriors BOLD U12 Boys,St Kilda Warriors SPIRIT U12 Boys,,>11 am
Saturday U12 Boys Div  7,Vampires U12 Boys Thunderbolts,Vampires Basketball U16 Boys Falcons,,,,,,,,
Saturday U12 Boys Div  8,ABA U12 Wolverines Devils,ABA U14 Wolverines Decimate,,,,,,,,
Saturday U12 Boys Div  8,JETS U12 Boys Anton,JETS U10 Boys Anton,,,,,,,,
Saturday U12 Boys Div  8,Lakers U12 Boys Gold,Lakers U10 Boys Green,,,,,,,,>10:45 am
Saturday U12 Boys Div  8,MM U12 Boys Mavericks,,,,,,,,,
Saturday U12 Boys Div  8,RAPTORS U12 Boys Andrew,,,,,,,,,
Saturday U12 Boys Div  8,RAPTORS U12 Boys Mar,,,,,,,,,>1:30 pm
Saturday U12 Boys Div  8,Shadow Wolves U12 Boys,ABA U12 Wolverines Fury,,,,,,,,
Saturday U12 Boys Div  8,Zulu Warriors U12 Boys,Venom Warriors U16 Boys,,,,,,,,
Saturday U12 Boys Div  9,Carnegie Chargers U12 Boys Hudson,Carnegie Chargers U14 Boys Beau,,,,,,,,
Saturday U12 Boys Div  9,JETS U12 Boys Nina & Ronnie,,,,,,,,,
Saturday U12 Boys Div  9,MM U12 Boys Rockets,MM U10 Boys Pistons,MM U10 Boys Raiders,,,,,,,
Saturday U12 Boys Div  9,Power Wolves U12 Boys,,,,,,,,,
Saturday U12 Boys Div  9,Saints U12 Boys Clippers,,,,,,,,,
Saturday U12 Boys Div  9,Sonic Wolves U12 Boys,,,,,,,,,
Saturday U12 Boys Div 10,ABA U12 Wolverines Storm,,,,,,,,,
Saturday U12 Boys Div 10,Carnegie Chargers U12 Boys Josh,,,,,,,,,
Saturday U12 Boys Div 10,JETS U12 Boys Zane,,,,,,,,,
Saturday U12 Boys Div 10,Lakers U12 Boys Yellow,,,,,,,,,
Saturday U12 Boys Div 10,RAPTORS U12 Boys Simon/AJ,,,,,,,,,
Saturday U12 Boys Div 10,RAPTORS U12 Boys Tom,,,,,,,,,
Saturday U12 Boys Div 11,JETS U12 Boys David,JETS U10 Boys Serge,JETS U10 Boys Jason,,,,,,,
Saturday U12 Boys Div 11,Lakers U12 Boys Black,,,,,,,,,
Saturday U12 Boys Div 11,Lakers U12 Boys Grey,,,,,,,,,
Saturday U12 Boys Div 11,MM U12 Boys Rebels,,,,,,,,,
Saturday U12 Boys Div 11,RAPTORS U12 Boys Paul,,,,,,,,,
Saturday U12 Boys Div 11,Spirit Warriors U12 Boys,Samurai Warriors U14 Boys,Combat Warriors U10 Boys,,,,,,,
Saturday U12 Boys Div 11,White Wolves U12 Boys,,,,,,,,,
Saturday U12 Boys Div 12,ABA U12 Wolverines Fire,,,,,,,,,
Saturday U12 Boys Div 12,ABA U12 Wolverines Fury,Shadow Wolves U12 Boys,,,,,,,,
Saturday U12 Boys Div 12,Carnegie Chargers U12 Boys Ro,,,,,,,,,
Saturday U12 Boys Div 12,Delta Warriors U12 Boys,,,,,,,,,
Saturday U12 Boys Div 12,Lakers U12 Boys Orange,,,,,,,,,
Saturday U12 Boys Div 12,Lakers U12 Boys Purple,,,,,,,,,
Saturday U12 Boys Div 12,Saints U12 Boys Lightning,,,,,,,,,
Saturday U12 Boys Div 12,Vampires Basketball U12 Boys Phoenixes,Vampires Basketball U12 Boys Blood Ballers,Vampires Basketball U12 Boys Ravens,,,,,,,
Saturday U12 Boys Div 13,Carnegie Chargers U12 Boys Archer,Carnegie Chargers U18 Boys Peter M,,,,,,,,
Saturday U12 Boys Div 13,Giant Wolves U12 Boys,,,,,,,,,
Saturday U12 Boys Div 13,JETS U12 Boys Kev,,,,,,,,,
Saturday U12 Boys Div 13,JETS U12 Boys Nathan,,,,,,,,,
Saturday U12 Boys Div 13,Lakers U12 Boys White,,,,,,,,,
Saturday U12 Boys Div 13,St Kilda Warriors SPIRIT U12 Boys,St Kilda Warriors BRAVE U10 Boys,St Kilda Warriors POWER U10 Boys,St Kilda Warriors BRAVE U12 Boys,St Kilda Warriors POWER U12 Boys,St Kilda Warriors FIERCE U12 Boys,St Kilda Warriors BOLD U12 Boys,St Kilda Warriors STRONG U12 Boys,,<12 pm
Saturday U12 Boys Div 14,ABA U12 Wolverines Raging,,,,,,,,,
Saturday U12 Boys Div 14,MM U12 Boys Knicks,,,,,,,,,
Saturday U12 Boys Div 14,MM U12 Boys Mambas,,,,,,,,,
Saturday U12 Boys Div 14,RAPTORS U12 Boys Ryan,,,,,,,,,
Saturday U14 Boys Div  1,Carnegie Chargers U14 Boys Beau,Carnegie Chargers U16 Boys Allen,Carnegie Chargers U10 Boys Andrew,Carnegie Chargers U12 Boys Andrew,Carnegie Chargers U12 Boys Hudson,,,,,
Saturday U14 Boys Div  1,JETS U14 Boys Benn,,,,,,,,,<1:30 pm
Saturday U14 Boys Div  1,JETS U14 Boys Louie,,,,,,,,,<3 pm
Saturday U14 Boys Div  1,Lakers U14 Boys Bronze,Lakers U16 Boys Amber,,,,,,,,
Saturday U14 Boys Div  1,Lakers U14 Boys Silver,,,,,,,,,
Saturday U14 Boys Div  1,MM U14 Boys Blazers,MM U10 Boys Pistons,MM U14 Boys Spurs,MM U18 Boys Thunder,,,,,,
Saturday U14 Boys Div  2,ABA U14 Wolverines Savage,,,,,,,,,<1:30 pm
Saturday U14 Boys Div  2,Bucks Wolves U14 Boys,,,,,,,,,
Saturday U14 Boys Div  2,Ice Wolves U14 Boys,,,,,,,,,
Saturday U14 Boys Div  2,Lakers U14 Boys Crimson,,,,,,,,,<1 pm
Saturday U14 Boys Div  2,Lakers U14 Boys Electric Blue,Lakers U14 Boys Copper,,,,,,,,<12 pm
Saturday U14 Boys Div  2,Saints U14 Boys Phoenix,Saints U12 Boys Pistons,,,,,,,,
Saturday U14 Boys Div  3,Dark Wolves U14 Boys,,,,,,,,,<2 pm
Saturday U14 Boys Div  3,JETS U14 Boys Zac & Russ,,,,,,,,,
Saturday U14 Boys Div  3,Lakers U14 Boys Flame,Lakers U16 Boys Maroon,Lakers U16 Boys Amber,Lakers U16 Boys Navy,,,,,,<1:30 pm
Saturday U14 Boys Div  3,RAPTORS U14 Boys Orange,,,,,,,,,>1:30 pm
Saturday U14 Boys Div  3,Saints U14 Boys Panthers,Saints U12 Boys Pistons,Saints U12 Boys Kings,Saints U16 Boys Storm,,,,,,
Saturday U14 Boys Div  3,St Kilda Warriors BRAVE U14 Boys,St Kilda Warriors POWER U14 Boys,St Kilda Warriors BRAVE U16 Boys,St Kilda Warriors POWER U16 Boys,,,,,,<1:30 pm; >4:30 pm
Saturday U14 Boys Div  3,Wolverines U14 Boys,,,,,,,,,<1:30 pm
Saturday U14 Boys Div  4,Carnegie Chargers U14 Boys Greg,Carnegie Chargers U10 Boys Greg & Darcy,Carnegie Chargers U14 Boys Greg,,,,,,,
Saturday U14 Boys Div  4,Fierce Wolves U14 Boys,Dark Wolves U12 Boys,,,,,,,,
Saturday U14 Boys Div  4,Immortal Warriors U14 Boys,Sonic Warriors U10 Boys,,,,,,,,
Saturday U14 Boys Div  4,Lakers U14 Boys Copper,Lakers U14 Boys Electric Blue,,,,,,,,
Saturday U14 Boys Div  4,Lakers U14 Boys Yellow,,,,,,,,,<1 pm
Saturday U14 Boys Div  4,Maccabi U14 Boys Warriors,,,,,,,,,<2 pm
Saturday U14 Boys Div  4,RAPTORS U14 Boys Jason S,,,,,,,,,
Saturday U14 Boys Div  4,Vampire Wolves U14 Boys,,,,,,,,,
Saturday U14 Boys Div  5,ABA U14 Wolverines Invaders,,,,,,,,,<1:30 pm
Saturday U14 Boys Div  5,JETS U14 Boys Ben,,,,,,,,,
Saturday U14 Boys Div  5,Lakers U14 Boys Green,,,,,,,,,
Saturday U14 Boys Div  5,Lightning Wolves U14 Boys,,,,,,,,,
Saturday U14 Boys Div  5,Saints U14 Boys Blazers,Saints U12 Boys Mavericks,,,,,,,,
Saturday U14 Boys Div  5,Saints U14 Boys Tigers,,,,,,,,,
Saturday U14 Boys Div  6,JETS U14 Boys Casey,,,,,,,,,
Saturday U14 Boys Div  6,JETS U14 Boys Cooper,JETS U16 Boys Matt,JETS U16 Boys Lauren,,,,,,,
Saturday U14 Boys Div  6,Lakers U14 Boys Blue,,,,,,,,,
Saturday U14 Boys Div  6,Lakers U14 Boys Maroon,,,,,,,,,
Saturday U14 Boys Div  6,Maccabi U14 Boys Dragons,,,,,,,,,<2 pm
Saturday U14 Boys Div  6,Ninja Wolves U14 Boys,,,,,,,,,<12 pm
Saturday U14 Boys Div  7,ABA U14 Wolverines Flames,,,,,,,,,
Saturday U14 Boys Div  7,Devil Wolves U14 Boys,,,,,,,,,
Saturday U14 Boys Div  7,Grey Wolves U14 Boys,,,,,,,,,>11:30 am
Saturday U14 Boys Div  7,JETS U14 Boys Paul,,,,,,,,,
Saturday U14 Boys Div  7,Lakers U14 Boys Burgundy,Lakers U12 Boys Silver,,,,,,,,
Saturday U14 Boys Div  7,RAPTORS U14 Boys Jason R Black,RAPTORS U14 Boys Jason R Orange,,,,,,,,
Saturday U14 Boys Div  7,Saints U14 Boys Lions,,,,,,,,,
Saturday U14 Boys Div  7,Thunder Wolves U14 Boys,,,,,,,,,
Saturday U14 Boys Div  8,ABA U14 Wolverines Thunder,,,,,,,,,
Saturday U14 Boys Div  8,Apollo Warriors U14 Boys,,,,,,,,,
Saturday U14 Boys Div  8,JETS U14 Boys Michael,,,,,,,,,
Saturday U14 Boys Div  8,Lakers U14 Boys Cobalt,,,,,,,,,
Saturday U14 Boys Div  8,MM U14 Boys Spurs,MM U10 Boys Pistons,MM U14 Boys Blazers,MM U18 Boys Thunder,,,,,,
Saturday U14 Boys Div  8,Vampires Basketball U14 Boys King Ballers,,,,,,,,,
Saturday U14 Boys Div  9,Carnegie Chargers U14 Boys Nick,,,,,,,,,
Saturday U14 Boys Div  9,Carnegie Chargers U14 Boys Steve,,,,,,,,,
Saturday U14 Boys Div  9,JETS U14 Boys Piers,,,,,,,,,
Saturday U14 Boys Div  9,Lakers U14 Boys Emerald,,,,,,,,,<1 pm
Saturday U14 Boys Div  9,Lakers U14 Boys Orange,,,,,,,,,
Saturday U14 Boys Div  9,MM U14 Boys Heat,MM U14 Boys Pacers,,,,,,,,
Saturday U14 Boys Div  9,Saints U14 Boys Thunder,,,,,,,,,
Saturday U14 Boys Div  9,Werewolves U14 Boys,,,,,,,,,
Saturday U14 Boys Div 10,JETS U14 Boys Ian,,,,,,,,,
Saturday U14 Boys Div 10,JETS U14 Boys Mark,,,,,,,,,
Saturday U14 Boys Div 10,Lakers U14 Boys Navy,,,,,,,,,
Saturday U14 Boys Div 10,RAPTORS U14 Boys Ali,,,,,,,,,
Saturday U14 Boys Div 10,Saints U14 Boys Clippers,,,,,,,,,<11 am
Saturday U14 Boys Div 10,White Wolves U14 Boys,,,,,,,,,
Saturday U14 Boys Div 11,Carnegie Chargers U14 Boys Chargerinos,,,,,,,,,
Saturday U14 Boys Div 11,Lakers U14 Boys Red,,,,,,,,,
Saturday U14 Boys Div 11,Lakers U14 Boys Ruby,,,,,,,,,
Saturday U14 Boys Div 11,MM U14 Boys Pacers,MM U10 Boys Clippers,MM U14 Boys Heat,,,,,,,
Saturday U14 Boys Div 11,RAPTORS U14 Boys Jason R Orange,RAPTORS U14 Boys Jason R Black,,,,,,,,
Saturday U14 Boys Div 11,Snow Wolves U14 Boys,,,,,,,,,
Saturday U14 Boys Div 12,JETS U14 Boys Benji,JETS U16 Boys Jeremey (Black),,,,,,,,
Saturday U14 Boys Div 12,JETS U14 Boys Jeremy,,,,,,,,,
Saturday U14 Boys Div 12,Lakers U14 Boys Gold,,,,,,,,,
Saturday U14 Boys Div 12,Lakers U14 Boys Indigo,,,,,,,,,
Saturday U14 Boys Div 12,RAPTORS U14 Boys Jason C,,,,,,,,,
Saturday U14 Boys Div 12,St Kilda Warriors POWER U14 Boys,St Kilda Warriors BRAVE U14 Boys,St Kilda Warriors BRAVE U16 Boys,St Kilda Warriors POWER U16 Boys,,,,,,>4:30 pm
Saturday U14 Boys Div 13,ABA U14 Wolverines Decimate,Saints U16 Boys Hawks,ABA U12 Wolverines Devils,,,,,,,
Saturday U14 Boys Div 13,Carnegie Chargers U14 Boys Izzy,,,,,,,,,
Saturday U14 Boys Div 13,Carnegie Chargers U14 Boys Pistols,,,,,,,,,
Saturday U14 Boys Div 13,JETS U14 Boys Andrew,,,,,,,,,
Saturday U14 Boys Div 13,Knight Wolves U14 Boys,,,,,,,,,
Saturday U14 Boys Div 13,Lakers U14 Boys Aqua,,,,,,,,,
Saturday U14 Boys Div 13,RAPTORS U14 Boys Heath/Tim,,,,,,,,,
Saturday U14 Boys Div 13,RAPTORS U14 Boys Wayne,,,,,,,,,
Saturday U14 Boys Div 14,Black Wolves U14 Boys,,,,,,,,,
Saturday U14 Boys Div 14,Lakers U14 Boys Sapphire,,,,,,,,,
Saturday U14 Boys Div 14,Lakers U14 Boys Violet,,,,,,,,,<12 pm
Saturday U14 Boys Div 14,MM U14 Boys Kings,,,,,,,,,
Saturday U14 Boys Div 14,RAPTORS U14 Boys John,,,,,,,,,
Saturday U14 Boys Div 14,Samurai Warriors U14 Boys,Spirit Warriors U12 Boys,,,,,,,,
Saturday U14 Boys Div 15,JETS U14 Boys Asher,JETS U16 Boys Jeremey (Black),,,,,,,,
Saturday U14 Boys Div 15,JETS U14 Boys Lenka,,,,,,,,,
Saturday U14 Boys Div 15,JETS U14 Boys Simon,,,,,,,,,
Saturday U14 Boys Div 15,Lakers U14 Boys Teal,,,,,,,,,
Saturday U14 Boys Div 15,MM U14 Boys Cavs,,,,,,,,,
Saturday U14 Boys Div 15,Saints U14 Boys Jaguars,,,,,,,,,
Saturday U16 Boys Div  1,JETS U16 Boys Chris M,,,,,,,,,<3 pm
Saturday U16 Boys Div  1,JETS U16 Boys Eddie,,,,,,,,,
Saturday U16 Boys Div  1,Lakers U16 Boys Copper,,,,,,,,,
Saturday U16 Boys Div  1,Lakers U16 Boys Crimson,Lakers U18 Boys Flame,JETS U18 Boys Charles,,,,,,,
Saturday U16 Boys Div  1,Lakers U16 Boys Navy,Lakers U14 Boys Flame,Lakers U16 Boys Maroon,Lakers U16 Boys Amber,,,,,,
Saturday U16 Boys Div  1,S.E.T United - Tulip Street Titans,Lakers U18 Boys Flame,,,,,,,,<5 pm
Saturday U16 Boys Div  1,Saints U16 Boys Storm,JETS U12 Boys Darcy,Saints U14 Boys Panthers,,,,,,,
Saturday U16 Boys Div  1,St Kilda Warriors BRAVE U16 Boys,St Kilda Warriors BRAVE U14 Boys,St Kilda Warriors POWER U14 Boys,St Kilda Warriors POWER U16 Boys,,,,,,>4:30 pm
Saturday U16 Boys Div  2,Lakers U16 Boys Flame,Lakers U18 Boys Blue,,,,,,,,
Saturday U16 Boys Div  2,Saints U16 Boys Kings,,,,,,,,,
Saturday U16 Boys Div  2,Savage Wolves U16 Boys,,,,,,,,,
Saturday U16 Boys Div  2,Super Wolves U16 Boys,,,,,,,,,
Saturday U16 Boys Div  2,U16 Boys Rocket Park Piranhas,,,,,,,,,
Saturday U16 Boys Div  2,Wild Wolves U16 Boys,,,,,,,,,
Saturday U16 Boys Div  3,ABA U16 Wolverines Apex,,,,,,,,,
Saturday U16 Boys Div  3,JETS U16 Boys Peter,,,,,,,,,
Saturday U16 Boys Div  3,Lakers U16 Boys Amber,Lakers U14 Boys Bronze,Lakers U14 Boys Flame,Lakers U16 Boys Maroon,Lakers U16 Boys Navy,,,,,
Saturday U16 Boys Div  3,Lakers U16 Boys Blue,,,,,,,,,<2 pm; >3 pm
Saturday U16 Boys Div  3,RAPTORS U16 Boys Ananth,,,,,,,,,<4:30 pm
Saturday U16 Boys Div  3,RAPTORS U16 Boys Salv,,,,,,,,,
Saturday U16 Boys Div  3,St Kilda Warriors POWER U16 Boys,St Kilda Warriors BRAVE U14 Boys,St Kilda Warriors POWER U14 Boys,St Kilda Warriors BRAVE U16 Boys,,,,,,>4:30 pm
Saturday U16 Boys Div  3,Venom Warriors U16 Boys,Brave Warriors U18 Boys,Zulu Warriors U12 Boys,,,,,,,
Saturday U16 Boys Div  4,Carnegie Chargers U16 Boys Greg,Carnegie Chargers U10 Boys Greg & Darcy,Carnegie Chargers U14 Boys Greg,,,,,,,<2 pm
Saturday U16 Boys Div  4,Fearless Warriors U16 Boys,Dragon Warriors U18 Boys,,,,,,,,
Saturday U16 Boys Div  4,Ice Wolves U16 Boys,,,,,,,,,
Saturday U16 Boys Div  4,JETS U16 Boys Matt,JETS U14 Boys Cooper,JETS U16 Boys Lauren,,,,,,,
Saturday U16 Boys Div  4,Rogue Bears,,,,,,,,,>3 pm
Saturday U16 Boys Div  4,Shadow Wolves U16 Boys,,,,,,,,,
Saturday U16 Boys Div  5,Fierce Wolves U16 Boys,,,,,,,,,
Saturday U16 Boys Div  5,JETS U16 Boys Darren,,,,,,,,,
Saturday U16 Boys Div  5,JETS U16 Boys Paul,JETS U12 Boys Elliot & Zachary,,,,,,,,
Saturday U16 Boys Div  5,Lakers U16 Boys Yellow,,,,,,,,,
Saturday U16 Boys Div  5,MM U16 Boys Bulldogs,MM U18 Boys Nuggets,MM U18 Boys Typhoons,,,,,,,
Saturday U16 Boys Div  5,Teen Wolves U16 Boys,,,,,,,,,
Saturday U16 Boys Div  6,Carnegie Chargers U16 Boys Steve,,,,,,,,,
Saturday U16 Boys Div  6,Lakers U16 Boys Burgundy,,,,,,,,,
Saturday U16 Boys Div  6,Lakers U16 Boys Silver,,,,,,,,,
Saturday U16 Boys Div  6,Lakers U16 Boys Violet,,,,,,,,,
Saturday U16 Boys Div  6,MM U16 Boys Bobcats,,,,,,,,,
Saturday U16 Boys Div  6,Werewolves U16 Boys,,,,,,,,,
Saturday U16 Boys Div  7,ABA U16 Wolverines Hunters,,,,,,,,,
Saturday U16 Boys Div  7,ABA U16 Wolverines Ignite,,,,,,,,,
Saturday U16 Boys Div  7,Carnegie Chargers U16 Boys Manny,Carnegie Chargers U18 Boys Peter K,,,,,,,,
Saturday U16 Boys Div  7,Dark Wolves U16 Boys,,,,,,,,,
Saturday U16 Boys Div  7,East Malvern Hot Shots,,,,,,,,,>3:30 pm
Saturday U16 Boys Div  7,Grey Wolves U16 Boys,,,,,,,,,
Saturday U16 Boys Div  7,JETS U16 Boys Aaron,,,,,,,,,
Saturday U16 Boys Div  7,JETS U16 Boys Jeremey (Black),JETS U14 Boys Benji,JETS U14 Boys Asher,JETS U16 Boys Jeremey (Green),,,,,,
Saturday U16 Boys Div  7,Lakers U16 Boys Gold,,,,,,,,,
Saturday U16 Boys Div  8,Carnegie Chargers U16 Boys Allen,Carnegie Chargers U14 Boys Beau,,,,,,,,
Saturday U16 Boys Div  8,Lakers U16 Boys Black,,,,,,,,,
Saturday U16 Boys Div  8,Lakers U16 Boys Bronze,,,,,,,,,
Saturday U16 Boys Div  8,Maccabi U16 Boys Mambas,,,,,,,,,
Saturday U16 Boys Div  8,Maccabi U16 Boys Shabbos Shooters,,,,,,,,,<5 pm
Saturday U16 Boys Div  8,RAPTORS U16 Boys Dat,,,,,,,,,
Saturday U16 Boys Div  9,Cosmic Wolves U16 Boys,,,,,,,,,
Saturday U16 Boys Div  9,JETS U16 Boys Casey,,,,,,,,,
Saturday U16 Boys Div  9,JETS U16 Boys Jeremey (Green),JETS U16 Boys Jeremey (Black),,,,,,,,
Saturday U16 Boys Div  9,Phoenix Wolves U16 Boys,,,,,,,,,
Saturday U16 Boys Div  9,Power Warriors U16 Boys,Fighter Warriors U18 Boys,Lakers U18 Boys Blue,,,,,,,
Saturday U16 Boys Div  9,RAPTORS U16 Boys Trevor,,,,,,,,,
Saturday U16 Boys Div 10,Black Wolves U16 Boys,,,,,,,,,
Saturday U16 Boys Div 10,Blue Wolves U16 Boys,,,,,,,,,
Saturday U16 Boys Div 10,JETS U16 Boys Patrick,,,,,,,,,
Saturday U16 Boys Div 10,JETS U16 Boys Zack (Green),JETS U16 Boys Zack (Black),,,,,,,,
Saturday U16 Boys Div 10,Lakers U16 Boys Cobalt,,,,,,,,,
Saturday U16 Boys Div 10,Pack Wolves U16 Boys,,,,,,,,,
Saturday U16 Boys Div 11,ABA U16 Wolverines Combat,,,,,,,,,
Saturday U16 Boys Div 11,JETS U16 Boys Billy,,,,,,,,,
Saturday U16 Boys Div 11,Lakers U16 Boys Maroon,Lakers U14 Boys Flame,Lakers U16 Boys Amber,Lakers U16 Boys Navy,,,,,,
Saturday U16 Boys Div 11,Lakers U16 Boys Orange,,,,,,,,,
Saturday U16 Boys Div 11,MM U16 Boys Pelicans,,,,,,,,,
Saturday U16 Boys Div 11,U16 Boys Anderson Park Piranhas,,,,,,,,,
Saturday U16 Boys Div 12,ABA U16 Wolverines Stealth,,,,,,,,,
Saturday U16 Boys Div 12,JETS U16 Boys Lauren,JETS U14 Boys Cooper,JETS U16 Boys Matt,,,,,,,
Saturday U16 Boys Div 12,Lakers U16 Boys Green,,,,,,,,,
Saturday U16 Boys Div 12,Lakers U16 Boys Red,,,,,,,,,
Saturday U16 Boys Div 12,MM U16 Boys Hawks,,,,,,,,,
Saturday U16 Boys Div 12,RAPTORS U16 Boys Anthony/Harley,,,,,,,,,
Saturday U16 Boys Div 12,RAPTORS U16 Boys JB,,,,,,,,,
Saturday U16 Boys Div 12,Saints U16 Boys Hawks,ABA U14 Wolverines Decimate,,,,,,,,
Saturday U16 Boys Div 12,Saints U16 Boys Heat,,,,,,,,,
Saturday U16 Boys Div 12,Sky Warriors U16 Boys,,,,,,,,,
Saturday U16 Boys Div 13,JETS U16 Boys David,,,,,,,,,
Saturday U16 Boys Div 13,JETS U16 Boys Yoram,,,,,,,,,
Saturday U16 Boys Div 13,Lakers U16 Boys Emerald,,,,,,,,,
Saturday U16 Boys Div 13,Night Wolves U16 Boys,,,,,,,,,
Saturday U16 Boys Div 13,Puma Warriors U16 Boys,Dragon Warriors U18 Boys,,,,,,,,
Saturday U16 Boys Div 13,Vampires Basketball U16 Boys Falcons,Vampires U12 Boys Thunderbolts,,,,,,,,
Saturday U16 Boys Div 13,Vampires Basketball U16 Boys Stingrays,,,,,,,,,
Saturday U16 Boys Div 14,Carnegie Chargers U16 Boys Konrad,,,,,,,,,
Saturday U16 Boys Div 14,JETS U16 Boys Nick,,,,,,,,,
Saturday U16 Boys Div 14,JETS U16 Boys Zack (Black),JETS U16 Boys Zack (Green),,,,,,,,
Saturday U16 Boys Div 14,Lakers U16 Boys Indigo,,,,,,,,,
Saturday U16 Boys Div 14,Lakers U16 Boys Ruby,,,,,,,,,
Saturday U16 Boys Div 14,Lakers U16 Boys Sapphire,,,,,,,,,
Saturday U16 Boys Div 14,RAPTORS U16 Boys Dan,,,,,,,,,
Saturday U18 Boys Div  1,Carnegie Chargers U18 Boys Ben,Carnegie Chargers U12 Boys Quinn,,,,,,,,
Saturday U18 Boys Div  1,Carnegie Chargers U18 Boys Peter M,Carnegie Chargers U12 Boys Archer,,,,,,,,
Saturday U18 Boys Div  1,JETS U18 Boys Charles,Lakers U16 Boys Crimson,,,,,,,,
Saturday U18 Boys Div  1,Lakers U18 Boys Flame,Lakers U16 Boys Crimson,Lakers U18 Boys Gold,S.E.T United - Tulip Street Titans,,,,,,
Saturday U18 Boys Div  1,MM U18 Boys Shooting Stars,,,,,,,,,
Saturday U18 Boys Div  1,Night Wolves U18 Boys,,,,,,,,,
Saturday U18 Boys Div  1,Thunder Wolves U18 Boys,,,,,,,,,
Saturday U18 Boys Div  1,Timberwolves U18 Boys,,,,,,,,,
Saturday U18 Boys Div  2,Carnegie Chargers U18 Boys Navy,,,,,,,,,<5 pm
Saturday U18 Boys Div  2,Dark Wolves U18 Boys,,,,,,,,,
Saturday U18 Boys Div  2,Fighter Warriors U18 Boys,Power Warriors U16 Boys,,,,,,,,
Saturday U18 Boys Div  2,Free Ballers,,,,,,,,,
Saturday U18 Boys Div  2,Lakers U18 Boys Blue,Lakers U16 Boys Flame,Power Warriors U16 Boys,,,,,,,
Saturday U18 Boys Div  2,Pack Wolves U18 Boys,,,,,,,,,
Saturday U18 Boys Div  2,Saints U18 Boys Sharks,,,,,,,,,<3:30 pm
Saturday U18 Boys Div  3,Bricked Ballers,,,,,,,,,
Saturday U18 Boys Div  3,Dreidel Dribblers,,,,,,,,,
Saturday U18 Boys Div  3,JETS U18 Boys Lincoln,,,,,,,,,
Saturday U18 Boys Div  3,JETS U18 Boys Shawn,,,,,,,,,
Saturday U18 Boys Div  3,Lakers U18 Boys Gold,Lakers U18 Boys Flame,,,,,,,,
Saturday U18 Boys Div  3,Lakers U18 Boys Yellow,,,,,,,,,
Saturday U18 Boys Div  4,Brave Warriors U18 Boys,Venom Warriors U16 Boys,,,,,,,,
Saturday U18 Boys Div  4,JETS U18 Boys Chris,,,,,,,,,<3 pm
Saturday U18 Boys Div  4,MM U18 Boys Bullets,,,,,,,,,
Saturday U18 Boys Div  4,MM U18 Boys Suns,,,,,,,,,
Saturday U18 Boys Div  4,RAPTORS U18 Boys Michael,,,,,,,,,
Saturday U18 Boys Div  4,Vampires Basketball U18 Boys 76'ers,,,,,,,,,
Saturday U18 Boys Div  5,Cobalt Wolves U18 Boys,,,,,,,,,
Saturday U18 Boys Div  5,Flip n Floppers,,,,,,,,,
Saturday U18 Boys Div  5,JETS U18 Boys Daniel,JETS U12 Boys Wills,JETS U12 Boys Elliot & Zachary,,,,,,,
Saturday U18 Boys Div  5,Lakers U18 Boys Aqua,,,,,,,,,
Saturday U18 Boys Div  5,Matcha Ballers,,,,,,,,,
Saturday U18 Boys Div  5,MM U18 Boys Bulls,,,,,,,,,
Saturday U18 Boys Div  5,MM U18 Boys Thunder,MM U10 Boys Pistons,MM U14 Boys Blazers,MM U14 Boys Spurs,,,,,,
Saturday U18 Boys Div  5,MM U18 Boys Typhoons,MM U16 Boys Bulldogs,,,,,,,,
Saturday U18 Boys Div  5,RAPTORS U18 Boys Volks,,,,,,,,,
Saturday U18 Boys Div  5,U18 Boys Riversdale Piranhas,,,,,,,,,<5 pm
Saturday U18 Boys Div  6,Carnegie Chargers U18 Boys Gold,,,,,,,,,
Saturday U18 Boys Div  6,Dragon Warriors U18 Boys,Fearless Warriors U16 Boys,Puma Warriors U16 Boys,,,,,,,
Saturday U18 Boys Div  6,Lakers U18 Boys Bronze,,,,,,,,,
Saturday U18 Boys Div  6,Lakers U18 Boys Silver,,,,,,,,,
Saturday U18 Boys Div  6,MM U18 Boys Nuggets,MM U16 Boys Bulldogs,,,,,,,,
Saturday U18 Boys Div  6,MM U18 Boys Titans,MM U12 Boys Taipans,,,,,,,,
Saturday U18 Boys Div  6,RAPTORS U18 Boys Max,,,,,,,,,
Saturday U18 Boys Div  6,RAPTORS U18 Boys Pat/Paul,,,,,,,,,
Saturday U18 Boys Div  6,Saints U18 Boys Thunder,,,,,,,,,
Saturday U18 Boys Div  6,Wild Wolves U18 Boys,,,,,,,,,
Saturday U18 Boys Div  7,Carnegie Chargers U18 Boys Peter K,Carnegie Chargers U16 Boys Manny,,,,,,,,
Saturday U18 Boys Div  7,Howling Wolves U18 Boys,,,,,,,,,
Saturday U18 Boys Div  7,JETS U18 Boys Michael,,,,,,,,,
Saturday U18 Boys Div  7,JETS U18 Boys Santiago,,,,,,,,,
Saturday U18 Boys Div  7,Lakers U18 Boys Orange,,,,,,,,,
Saturday U18 Boys Div  7,Lakers U18 Boys Sapphire,,,,,,,,,
Saturday U8 Mixed BLUE,All Star Warriors U8 Mixed,Combat Warriors U10 Boys,,,,,,,,
Saturday U8 Mixed BLUE,Carnegie Chargers U8 Mixed Tobias,,,,,,,,,
Saturday U8 Mixed BLUE,Melbourne Wolves U8 Carter,St Kilda Warriors POWER U10 Boys,,,,,,,,
Saturday U8 Mixed BLUE,MM U8 Boys Hustlers,,,,,,,,,
Saturday U8 Mixed BLUE,Vampires Basketball U8 Mixed Fireballs,,,,,,,,,
Saturday U8 Mixed BLUE,Wild Wolves U8 Boys,,,,,,,,,
Saturday U8 Mixed GREEN,Carnegie Chargers U8 Mixed Ben,,,,,,,,,
Saturday U8 Mixed GREEN,Carnegie Chargers U8 Mixed Will,,,,,,,,,
Saturday U8 Mixed GREEN,Ice Wolves U8 Boys,,,,,,,,,
Saturday U8 Mixed GREEN,JETS U8 Boys Adam & Charlie,,,,,,,,,
Saturday U8 Mixed GREEN,Lakers U8 Boys Blue,,,,,,,,,
Saturday U8 Mixed GREEN,Lakers U8 Boys Red,,,,,,,,,
Saturday U8 Mixed GREEN,RAPTORS U8 Boys George,,,,,,,,,>9:45 am
Saturday U8 Mixed GREEN,Vampires Basketball U8 Boys Bounce Bros,,,,,,,,,
Saturday U8 Mixed RED,JETS U8 Boys Max,,,,,,,,,
Saturday U8 Mixed RED,Lakers U8 Boys Green,,,,,,,,,
Saturday U8 Mixed RED,Lakers U8 Boys Yellow,,,,,,,,,
Saturday U8 Mixed RED,Lightning Wolves U8 Boys,,,,,,,,,
Saturday U8 Mixed RED,MM U8 Boys Phoenix,MM U10 Boys Cubs,,,,,,,,
Saturday U8 Mixed RED,St Kilda Warriors BRAVE U8 Boys,,,,,,,,,
Saturday U8 Mixed RED,Vampires Basketball U8 Mixed Count Dunkulas,,,,,,,,,
Saturday U8 Mixed YELLOW,Feisty Wolves U8 Boys,,,,,,,,,
Saturday U8 Mixed YELLOW,JETS U8 Boys Alex,,,,,,,,,
Saturday U8 Mixed YELLOW,JETS U8 Boys Joel,,,,,,,,,
Saturday U8 Mixed YELLOW,JETS U8 Boys Shannon,JETS U10 Boys Shannon,,,,,,,,
Saturday U8 Mixed YELLOW,RAPTORS U8 Boys Nirooshan,,,,,,,,,
Saturday U8 Mixed YELLOW,Saints U8 Boys ThunderHawks,,,,,,,,,
Sunday Open Men Div 1,Brown Shirts,,,,,,,,,
Sunday Open Men Div 1,Killerblowers,,,,,,,,,
Sunday Open Men Div 1,Lakers Open Men Blue,,,,,,,,,
Sunday Open Men Div 1,Pack Wolves Open Men,,,,,,,,,
Sunday Open Men Div 1,Pickle Farmers,,,,,,,,,
Sunday Open Men Div 1,The Mighty Wolves,,,,,,,,,
Sunday Open Men Div 1,Timberwolves Open Men,,,,,,,,,
Sunday Open Men Div 2,B Week,,,,,,,,,
Sunday Open Men Div 2,Grizzly Goobers,,,,,,,,,
Sunday Open Men Div 2,Jutah Jazz,,,,,,,,,
Sunday Open Men Div 2,Lrick Bayers,,,,,,,,,
Sunday Open Men Div 2,Panthers,,,,,,,,,
Sunday Open Men Div 2,Stingers,,,,,,,,,
Sunday Open Men Div 3,Bloaters,,,,,,,,,
Sunday Open Men Div 3,Fourth Time Lucky,,,,,,,,,
Sunday Open Men Div 3,Giddey's Goons,,,,,,,,,
Sunday Open Men Div 3,Jim's Ballers,,,,,,,,,
Sunday Open Men Div 3,Knight Warriors Open Men,,,,,,,,,
Sunday Open Men Div 3,Scumgang,,,,,,,,,
Sunday Open Men Div 3,Soulja Slammers,,,,,,,,,
Sunday Open Men Div 3,The Suburb,,,,,,,,,
Sunday Open Men Div 4,Crusty Nuggets,,,,,,,,,
Sunday Open Men Div 4,CTE Ball,,,,,,,,,
Sunday Open Men Div 4,Garage Monkeys,,,,,,,,,
Sunday Open Men Div 4,Horsemen,,,,,,,,,
Sunday Open Men Div 4,JETS Open Men Black,,,,,,,,,
Sunday Open Men Div 4,Olden State Warriors,,,,,,,,,
Sunday Open Men Div 4,Plan B,,,,,,,,,
Sunday Open Men Div 4,Wilson's Warriors,,,,,,,,,
Sunday Open Men Div 5,Brickies,,,,,,,,,
Sunday Open Men Div 5,Carnegie Chargers Pension Pinchers,,,,,,,,,>4:30 pm
Sunday Open Men Div 5,JETS Open Men White,,,,,,,,,
Sunday Open Men Div 5,Mighty Saints,,,,,,,,,
Sunday Open Men Div 5,OG Raptors,WYLL Wizards,,,,,,,,
Sunday Open Men Div 5,Paint Picassos,Young-ish,,,,,,,,
Sunday Open Men Div 6,D Minus,,,,,,,,,
Sunday Open Men Div 6,JETS Open Men Green,,,,,,,,,
Sunday Open Men Div 6,Just Play Panthers,,,,,,,,,
Sunday Open Men Div 6,Just Play Sunrisers,,,,,,,,,
Sunday Open Men Div 6,RAPTORS Open Men Richard,,,,,,,,,
Sunday Open Men Div 6,The Woodpeckers,,,,,,,,,
Sunday Open Men Div 6,TIGERS,,,,,,,,,
Sunday Open Men Div 6,Vintage Raptors,,,,,,,,,
Sunday Open Men Div 7,52 Canboonie,,,,,,,,,
Sunday Open Men Div 7,Air Ball All-Stars,,,,,,,,,
Sunday Open Men Div 7,Old Raptors,,,,,,,,,
Sunday Open Men Div 7,Relic Raptors,,,,,,,,,
Sunday Open Men Div 7,Richmond Rimmerz,,,,,,,,,
Sunday Open Men Div 7,Team 67,,,,,,,,,
Sunday Open Men Div 7,The Airballers,,,,,,,,,
Sunday Open Men Div 7,THE CHIEFS,,,,,,,,,
Sunday Open Women Div 1,JETS Open Women Jade,Athena Warriors U14 Girls,,,,,,,,
Sunday Open Women Div 1,Lakers Open Women Aqua,,,,,,,,,
Sunday Open Women Div 1,Lakers Open Women Ruby,,,,,,,,,
Sunday Open Women Div 1,Lakers Open Women Violet,Lakers U16 Girls Turquoise,Lakers U18 Girls Ruby,,,,,,,
Sunday Open Women Div 1,Saints Open Women - Panthers,,,,,,,,,
Sunday Open Women Div 1,Storm Warriors,,,,,,,,,
Sunday Open Women Div 1,The Cereal Killers,,,,,,,,,
Sunday Open Women Div 1,The Retired ballers,,,,,,,,,
Sunday Open Women Div 2,Air Ballerz,,,,,,,,,
Sunday Open Women Div 2,Footlocker Employees,,,,,,,,,<7:15 pm
Sunday Open Women Div 2,JETS Open Women Black,,,,,,,,,
Sunday Open Women Div 2,Lakers Open Women Blue,,,,,,,,,
Sunday Open Women Div 2,Young-ish,Airballers,Paint Picassos,,,,,,,
Sunday U10 Girls Div  1,Carnegie Chargers U10 Girls Dave,,,,,,,,,
Sunday U10 Girls Div  1,Lakers U10 Girls Indigo,Lakers U12 Girls Ruby,,,,,,,,
Sunday U10 Girls Div  1,Star Warriors U10 Girls,Nyla Warriors U12 Girls,,,,,,,,
Sunday U10 Girls Div  1,Super Wolves U10 Girls,,,,,,,,,
Sunday U10 Girls Div  1,Swift Wolves U10 Girls,,,,,,,,,
Sunday U10 Girls Div  1,Vampires Basketball U10 Girls Crystals,,,,,,,,,
Sunday U10 Girls Div  2,ABA U10G Wolverines Wild,,,,,,,,,
Sunday U10 Girls Div  2,JETS U10 Girls Sinem,JETS U8 Girls Sinem,,,,,,,,
Sunday U10 Girls Div  2,Lakers U10 Girls Violet,Lakers U12 Girls Copper,,,,,,,,
Sunday U10 Girls Div  2,Rainbow Wolves U10 Girls,,,,,,,,,
Sunday U10 Girls Div  2,RAPTORS U10 Girls Demon Hunters,,,,,,,,,
Sunday U10 Girls Div  2,U10 Girls Saints - Aces,,,,,,,,,
Sunday U10 Girls Div  2,Vampires Basketball U10 Girls Gems,Red Wolves U16 Girls,,,,,,,,
Sunday U10 Girls Div  3,Carnegie Chargers U10 Girls Andrew,,,,,,,,,
Sunday U10 Girls Div  3,Golden Wolves U10 Girls,,,,,,,,,
Sunday U10 Girls Div  3,JETS U10 Girls Benn,,,,,,,,,
Sunday U10 Girls Div  3,JETS U10 Girls Tamara,,,,,,,,,
Sunday U10 Girls Div  3,RAPTORS U10 Girls Nick,RAPTORS U12 Girls Mathew EA,,,,,,,,
Sunday U10 Girls Div  3,U10 Girls Saints - Sky,U12 Girls Saints - Saints,,,,,,,,
Sunday U10 Girls Div  3,U10 Girls Saints - Storm,,,,,,,,,
Sunday U10 Girls Div  4,Carnegie Chargers U10 Girls Stars,,,,,,,,,
Sunday U10 Girls Div  4,JETS U10 Girls Michael,,,,,,,,,
Sunday U10 Girls Div  4,MM U10 Girls Flyers,,,,,,,,,
Sunday U10 Girls Div  4,Purple Wolves U10 Girls,,,,,,,,,
Sunday U10 Girls Div  4,RAPTORS U10 Girls Bonnie,,,,,,,,,
Sunday U10 Girls Div  4,Star Wolves U10 Girls,,,,,,,,,
Sunday U10 Girls Div  4,U10 Girls Saints - Sparks,,,,,,,,,
Sunday U10 Girls Div  4,Vampires Basketball U10 Girls Twilights,,,,,,,,,
Sunday U10 Girls Div  5,JETS U10 Girls Damien,JETS U12 Girls Damien,,,,,,,,
Sunday U10 Girls Div  5,Lakers U10 Girls Amber,,,,,,,,,>9:45 am
Sunday U10 Girls Div  5,MM U10 Girls Jaguars,MM U8 Girls Rainbows,,,,,,,,
Sunday U10 Girls Div  5,U10 Girls Saints - Flames,,,,,,,,,
Sunday U10 Girls Div  6,Arctic Wolves U10 Girls,,,,,,,,,
Sunday U10 Girls Div  6,Carnegie Chargers U10 Girls Nick,,,,,,,,,
Sunday U10 Girls Div  6,Golden Hawks U10 Girls Nova,,,,,,,,,
Sunday U10 Girls Div  6,Snow Wolves U10 Girls,,,,,,,,,
Sunday U10 Girls Div  6,Sunset Warriors U10 Girls,,,,,,,,,
Sunday U10 Girls Div  6,Vampires Basketball U10 Girls Sparks,Vampires Basketball U12 Girls Lightning,,,,,,,,
Sunday U10 Girls Div  7,JETS U10 Girls Daniel,,,,,,,,,
Sunday U10 Girls Div  7,Lakers U10 Girls Purple,,,,,,,,,
Sunday U10 Girls Div  7,Lakers U10 Girls Silver,,,,,,,,,
Sunday U10 Girls Div  7,Lightning Warriors U10 Girls,,,,,,,,,
Sunday U10 Girls Div  7,U10 Girls Saints - Dream,,,,,,,,,
Sunday U10 Girls Div  7,U10 Girls Saints - Liberty,,,,,,,,,
Sunday U12 Girls Div  1,Amazon Warriors U12 Girls,,,,,,,,,
Sunday U12 Girls Div  1,Carnegie Chargers U12 Girls Beau,,,,,,,,,
Sunday U12 Girls Div  1,Carnegie Chargers U12 Girls Mina,Carnegie Chargers U14 Girls Mia,JETS U14 Girls Bernard,U14 Girls Saints - Fever,,,,,,
Sunday U12 Girls Div  1,Fire Wolves U12 Girls,,,,,,,,,
Sunday U12 Girls Div  1,Gold Wolves U12 Girls,,,,,,,,,
Sunday U12 Girls Div  1,Ice Wolves U12 Girls,,,,,,,,,<10:30 am
Sunday U12 Girls Div  1,JETS U12 Girls Nick,,,,,,,,,
Sunday U12 Girls Div  1,JETS U12 Girls Nina & Ronnie,,,,,,,,,
Sunday U12 Girls Div  1,Nyla Warriors U12 Girls,Skuld Warriors U14 Girls,Star Warriors U10 Girls,,,,,,,<10:30 am
Sunday U12 Girls Div  1,RAPTORS U12 Girls Ananth,RAPTORS U14 Girls Mathew,,,,,,,,<11:30 am
Sunday U12 Girls Div  2,ABA U12G Wolverines Blaze,ABA U14G Wolverines Swift,,,,,,,,<10:30 am
Sunday U12 Girls Div  2,MM U12 Girls Stars,MM U14 Girls Dream,,,,,,,,
Sunday U12 Girls Div  2,RAPTORS U12 Girls Stephen,,,,,,,,,<11:30 am
Sunday U12 Girls Div  2,Silver Wolves U12 Girls,,,,,,,,,
Sunday U12 Girls Div  2,St Peter's Sharks,,,,,,,,,
Sunday U12 Girls Div  2,U12 Girls Saints - Mercury,U14 Girls Saints - Sky,,,,,,,,
Sunday U12 Girls Div  3,Carnegie Chargers U12 Girls Tahlia,JETS U14 Girls Gavin,,,,,,,,<10 am
Sunday U12 Girls Div  3,Celtic Warriors U12 Girls,,,,,,,,,<10 am
Sunday U12 Girls Div  3,Diamond Wolves U12 Girls,,,,,,,,,<9:45 am
Sunday U12 Girls Div  3,JETS U12 Girls Stephen,,,,,,,,,
Sunday U12 Girls Div  3,St Kilda Warriors BRAVE U12 Girls,St Kilda Warriors POWER U12 Girls,St Kilda Warriors FIERCE U12 Girls,St Kilda Warriors BRAVE U14 Girls,St Kilda Warriors POWER U14 Girls,,,,,<11:15 am
Sunday U12 Girls Div  3,Wonder Wolves U12 Girls,,,,,,,,,
Sunday U12 Girls Div  4,Bayside Warriors U12 Girls Green,,,,,,,,,<10:30 am
Sunday U12 Girls Div  4,JETS U12 Girls Matt,JETS U14 Girls Matt,,,,,,,,
Sunday U12 Girls Div  4,Lakers U12 Girls Gold,Lakers U14 Girls Cobalt,,,,,,,,
Sunday U12 Girls Div  4,Lakers U12 Girls Ruby,Lakers U10 Girls Indigo,,,,,,,,>9:45 am
Sunday U12 Girls Div  4,Maccabi U12 Girls Warriors,Maccabi U14 Girls Warriors,Maccabi U16 Girls Storm,Maccabi U16 Girls Fever,,,,,,
Sunday U12 Girls Div  4,MM U12 Girls Unicorns,,,,,,,,,
Sunday U12 Girls Div  4,Rainbow Wolves U12 Girls,,,,,,,,,
Sunday U12 Girls Div  4,Sapphire Wolves U12 Girls,MSF,,,,,,,,
Sunday U12 Girls Div  5,Blue Wolves U12 Girls,Luna Wolves U14 Girls,Silver Wolves U16 Girls,,,,,,,
Sunday U12 Girls Div  5,JETS U12 Girls Damien,JETS U10 Girls Damien,,,,,,,,
Sunday U12 Girls Div  5,JETS U12 Girls Toby & Andrew,,,,,,,,,
Sunday U12 Girls Div  5,RAPTORS U12 Girls Mark,RAPTORS U14 Girls M&M,,,,,,,,
Sunday U12 Girls Div  5,RAPTORS U12 Girls Mathew EA,RAPTORS U10 Girls Nick,RAPTORS U14 Girls Mathew,,,,,,,
Sunday U12 Girls Div  5,Shadow Wolves U12 Girls,,,,,,,,,
Sunday U12 Girls Div  6,ABA U12G Wolverines Arctic,,,,,,,,,
Sunday U12 Girls Div  6,Lakers U12 Girls Blue,,,,,,,,,
Sunday U12 Girls Div  6,Lakers U12 Girls Copper,Lakers U14 Girls Indigo,Lakers U10 Girls Violet,,,,,,,
Sunday U12 Girls Div  6,RAPTORS U12 Girls Mick,,,,,,,,,
Sunday U12 Girls Div  6,U12 Girls Saints - Saints,U10 Girls Saints - Sky,,,,,,,,
Sunday U12 Girls Div  6,Xena Warriors U12 Girls,,,,,,,,,
Sunday U12 Girls Div  7,JETS U12 Girls Chanya,JETS U16 Girls Oliver,,,,,,,,
Sunday U12 Girls Div  7,JETS U12 Girls Claire & Emma,JETS U18 Girls Craig,,,,,,,,
Sunday U12 Girls Div  7,Maccabi U12 Girls Fever,,,,,,,,,
Sunday U12 Girls Div  7,Mighty Wolves U12 Girls,,,,,,,,,
Sunday U12 Girls Div  7,MM U12 Girls Gems,,,,,,,,,
Sunday U12 Girls Div  7,RAPTORS U12 Girls Matt,,,,,,,,,
Sunday U12 Girls Div  7,St Kilda Warriors POWER U12 Girls,St Kilda Warriors BRAVE U12 Girls,St Kilda Warriors FIERCE U12 Girls,St Kilda Warriors BRAVE U14 Girls,St Kilda Warriors POWER U14 Girls,,,,,
Sunday U12 Girls Div  7,U12 Girls Saints - Fire,,,,,,,,,
Sunday U12 Girls Div  8,JETS U12 Girls Ishani,JETS U16 Girls Alan,,,,,,,,
Sunday U12 Girls Div  8,Lakers U12 Girls Cobalt,,,,,,,,,
Sunday U12 Girls Div  8,Lakers U12 Girls Turquoise,,,,,,,,,
Sunday U12 Girls Div  8,Maccabi U12 Girls Dream,,,,,,,,,
Sunday U12 Girls Div  8,St Kilda Warriors FIERCE U12 Girls,St Kilda Warriors BRAVE U12 Girls,St Kilda Warriors POWER U12 Girls,St Kilda Warriors BRAVE U14 Girls,St Kilda Warriors POWER U14 Girls,,,,,
Sunday U12 Girls Div  8,Vampires Basketball U12 Girls Lightning,Vampires Basketball U10 Girls Sparks,,,,,,,,
Sunday U14 Girls Div  1,Carnegie Chargers U14 Girls Mia,Carnegie Chargers U12 Girls Mina,Carnegie Chargers U16 Girls Mia,JETS U14 Girls Mia & Summer,,,,,,
Sunday U14 Girls Div  1,Fire Wolves U14 Girls,,,,,,,,,
Sunday U14 Girls Div  1,JETS U14 Girls Eric,JETS U14 Girls Sophia,JETS U18 Girls Eric,Arctic Wolves U16 Girls,RAPTORS U16 Girls Jon,,,,,
Sunday U14 Girls Div  1,JETS U14 Girls Nadya,,,,,,,,,
Sunday U14 Girls Div  1,JETS U14 Girls Sophia,JETS U14 Girls Eric,JETS U18 Girls Eric,,,,,,,
Sunday U14 Girls Div  1,Mayan Warriors U14 Girls,Falcon Warriors U16 Girls,,,,,,,,
Sunday U14 Girls Div  1,Skuld Warriors U14 Girls,Nyla Warriors U12 Girls,Arctic Wolves U16 Girls,,,,,,,<11 am
Sunday U14 Girls Div  1,St Kilda Warriors BRAVE U14 Girls,St Kilda Warriors BRAVE U12 Girls,St Kilda Warriors POWER U12 Girls,St Kilda Warriors FIERCE U12 Girls,St Kilda Warriors POWER U14 Girls,,,,,<12:45 pm
Sunday U14 Girls Div  1,U14 Girls Saints - Storm,Snow Wolves U8 Girls,U16 Girls Saints - Stars,U16 Girls Saints - Storm,,,,,,
Sunday U14 Girls Div  2,JETS U14 Girls Bernard,Carnegie Chargers U12 Girls Mina,,,,,,,,
Sunday U14 Girls Div  2,JETS U14 Girls Oliver,JETS U16 Girls Oliver,,,,,,,,<1 pm
Sunday U14 Girls Div  2,Maccabi U14 Girls Warriors,Maccabi U12 Girls Warriors,Maccabi U16 Girls Storm,Maccabi U16 Girls Fever,Maccabi U16 Girls Warriors,,,,,
Sunday U14 Girls Div  2,Silver Wolves U14 Girls,,,,,,,,,
Sunday U14 Girls Div  2,St Kilda Warriors POWER U14 Girls,St Kilda Warriors BRAVE U12 Girls,St Kilda Warriors POWER U12 Girls,St Kilda Warriors FIERCE U12 Girls,St Kilda Warriors BRAVE U14 Girls,,,,,<12 pm
Sunday U14 Girls Div  2,U14 Girls Saints - Fever,Carnegie Chargers U12 Girls Mina,U16 Girls Saints - Flames,U16 Girls Saints - Lynx,U16 Girls Saints - Storm,,,,,
Sunday U14 Girls Div  2,Wild Wolves U14 Girls,,,,,,,,,
Sunday U14 Girls Div  3,Bayside Warriors U14 Girls Green,Bayside Warriors U16 Girls Green,,,,,,,,<10:30 am
Sunday U14 Girls Div  3,JETS U14 Girls Andrew,,,,,,,,,
Sunday U14 Girls Div  3,MM U14 Girls Aces,MM U16 Girls Lynx,,,,,,,,
Sunday U14 Girls Div  3,RAPTORS U14 Girls Black,,,,,,,,,
Sunday U14 Girls Div  3,Thunder Wolves U14 Girls,,,,,,,,,
Sunday U14 Girls Div  3,U14 Girls Saints - Dream,,,,,,,,,
Sunday U14 Girls Div  3,U14 Girls Saints - Sky,U12 Girls Saints - Mercury,U16 Girls Saints - Aces,,,,,,,
Sunday U14 Girls Div  3,White Wolves U14 Girls,,,,,,,,,
Sunday U14 Girls Div  4,Azura Warriors U14 Girls,,,,,,,,,
Sunday U14 Girls Div  4,JETS U14 Girls Dmitry,,,,,,,,,
Sunday U14 Girls Div  4,JETS U14 Girls Gavin,Carnegie Chargers U12 Girls Tahlia,,,,,,,,
Sunday U14 Girls Div  4,Lakers U14 Girls Scarlet,Lakers U16 Girls Turquoise,Lakers U16 Girls Yellow,,,,,,,
Sunday U14 Girls Div  4,RAPTORS U14 Girls Mathew,RAPTORS U12 Girls Ananth,RAPTORS U12 Girls Mathew EA,,,,,,,<12:45 pm
Sunday U14 Girls Div  4,Wesley Court Queens,,,,,,,,,<1:30 pm
Sunday U14 Girls Div  5,ABA U14G Wolverines Swift,ABA U12G Wolverines Blaze,,,,,,,,
Sunday U14 Girls Div  5,Carnegie Chargers U14 Girls Michael,Carnegie Chargers U16 Girls Simon,,,,,,,,
Sunday U14 Girls Div  5,JETS U14 Girls Eli,,,,,,,,,
Sunday U14 Girls Div  5,JETS U14 Girls Emilie,,,,,,,,,
Sunday U14 Girls Div  5,Lakers U14 Girls Cobalt,Lakers U12 Girls Gold,,,,,,,,
Sunday U14 Girls Div  5,Lakers U14 Girls Indigo,Lakers U12 Girls Copper,,,,,,,,
Sunday U14 Girls Div  5,Maccabi U14 Girls Dream,,,,,,,,,
Sunday U14 Girls Div  5,MM U14 Girls Dream,MM U18 Girls Tigers,MM U12 Girls Stars,,,,,,,
Sunday U14 Girls Div  5,Olympias Warriors U14 Girls,,,,,,,,,
Sunday U14 Girls Div  6,Athena Warriors U14 Girls,JETS Open Women Jade,,,,,,,,
Sunday U14 Girls Div  6,Huskies U14 Girls,,,,,,,,,
Sunday U14 Girls Div  6,Lakers U14 Girls Orange,,,,,,,,,
Sunday U14 Girls Div  6,RAPTORS U14 Girls Hossein,,,,,,,,,
Sunday U14 Girls Div  6,RAPTORS U14 Girls M&M,RAPTORS U12 Girls Mark,,,,,,,,
Sunday U14 Girls Div  6,St Peter's Magic,,,,,,,,,
Sunday U14 Girls Div  7,ABA U14G Wolverines Fierce,,,,,,,,,<1 pm
Sunday U14 Girls Div  7,JETS U14 Girls Matt,JETS U12 Girls Matt,,,,,,,,
Sunday U14 Girls Div  7,JETS U14 Girls Mia & Summer,JETS U16 Girls Joseph,,,,,,,,
Sunday U14 Girls Div  7,Lakers U14 Girls Red,,,,,,,,,
Sunday U14 Girls Div  7,Luna Wolves U14 Girls,Blue Wolves U12 Girls,Silver Wolves U16 Girls,,,,,,,
Sunday U14 Girls Div  7,Maccabi U14 Girls Fever,Maccabi U16 Girls Mercury,,,,,,,,
Sunday U14 Girls Div  7,Maccabi U14 Girls Liberty,,,,,,,,,
Sunday U14 Girls Div  7,MM U14 Girls Bees,,,,,,,,,
Sunday U16 Girls Div  1,Falcon Warriors U16 Girls,Storm Warriors U18 Girls,Mayan Warriors U14 Girls,,,,,,,
Sunday U16 Girls Div  1,Red Wolves U16 Girls,Vampires Basketball U10 Girls Gems,,,,,,,,
Sunday U16 Girls Div  1,Toorak Trailblazers,,,,,,,,,<1 pm
Sunday U16 Girls Div  1,U16 Girls Saints - Flames,U14 Girls Saints - Fever,U16 Girls Saints - Lynx,,,,,,,
Sunday U16 Girls Div  1,U16 Girls Saints - Stars,Snow Wolves U8 Girls,U14 Girls Saints - Storm,,,,,,,
Sunday U16 Girls Div  1,U16 Girls Saints - Storm,Storm Warriors U18 Girls,U14 Girls Saints - Fever,U14 Girls Saints - Storm,U18 Girls Saints - Saints,,,,,
Sunday U16 Girls Div  1,Warrior Wolves U16 Girls,,,,,,,,,<2 pm
Sunday U16 Girls Div  2,Arctic Wolves U16 Girls,JETS U14 Girls Eric,Skuld Warriors U14 Girls,,,,,,,
Sunday U16 Girls Div  2,Carnegie Chargers U16 Girls Mia,Carnegie Chargers U14 Girls Mia,Carnegie Chargers U18 Girls Aces,JETS U14 Girls Mia & Summer,,,,,,
Sunday U16 Girls Div  2,JETS U16 Girls Joseph,JETS U14 Girls Mia & Summer,JETS U18 Girls Ohad,JETS U18 Girls Eric,,,,,,
Sunday U16 Girls Div  2,JETS U16 Girls Oliver,Storm Warriors U18 Girls,JETS U14 Girls Oliver,JETS U12 Girls Chanya,,,,,,
Sunday U16 Girls Div  2,Lakers U16 Girls Turquoise,Lakers U18 Girls Ruby,Lakers Open Women Violet,Lakers U18 Girls Yellow,Lakers U14 Girls Scarlet,,,,,
Sunday U16 Girls Div  2,Maccabi U16 Girls Warriors,Maccabi U16 Girls Dream,Maccabi U14 Girls Warriors,,,,,,,
Sunday U16 Girls Div  3,Bayside Warriors U16 Girls Green,Bayside Warriors U14 Girls Green,,,,,,,,
Sunday U16 Girls Div  3,Fire Wolves U16 Girls,,,,,,,,,
Sunday U16 Girls Div  3,JETS U16 Girls Alan,JETS U12 Girls Ishani,,,,,,,,
Sunday U16 Girls Div  3,JETS U16 Girls Tom,,,,,,,,,<4 pm
Sunday U16 Girls Div  3,Lakers U16 Girls Silver,,,,,,,,,
Sunday U16 Girls Div  3,Maccabi U16 Girls Dream,Maccabi U16 Girls Warriors,,,,,,,,
Sunday U16 Girls Div  3,RAPTORS U16 Girls Jon,JETS U14 Girls Eric,RAPTORS U18 Girls Michael,,,,,,,
Sunday U16 Girls Div  3,Silver Wolves U16 Girls,Blue Wolves U12 Girls,Luna Wolves U14 Girls,,,,,,,
Sunday U16 Girls Div  3,U16 Girls Saints - Lions,,,,,,,,,
Sunday U16 Girls Div  4,Golden Wolves U16 Girls,,,,,,,,,
Sunday U16 Girls Div  4,Huskies U16 Girls,,,,,,,,,
Sunday U16 Girls Div  4,JETS U16 Girls Phil,,,,,,,,,
Sunday U16 Girls Div  4,Lakers U16 Girls Bronze,,,,,,,,,
Sunday U16 Girls Div  4,Maccabi U16 Girls Storm,Maccabi U12 Girls Warriors,Maccabi U14 Girls Warriors,Maccabi U16 Girls Fever,,,,,,
Sunday U16 Girls Div  4,U16 Girls Saints - Mercury,,,,,,,,,
Sunday U16 Girls Div  5,Carnegie Chargers U16 Girls Simon,Carnegie Chargers U18 Girls Aces,Carnegie Chargers U14 Girls Michael,,,,,,,
Sunday U16 Girls Div  5,JETS U16 Girls Steve,,,,,,,,,
Sunday U16 Girls Div  5,Lakers U16 Girls Yellow,Lakers U14 Girls Scarlet,,,,,,,,
Sunday U16 Girls Div  5,MM U16 Girls Lynx,MM U14 Girls Aces,MM U18 Girls Tigers,,,,,,,
Sunday U16 Girls Div  5,MM U16 Girls Mystics,,,,,,,,,
Sunday U16 Girls Div  5,RAPTORS U16 Girls Daikin,,,,,,,,,<1 pm
Sunday U16 Girls Div  5,U16 Girls Saints - Aces,U14 Girls Saints - Sky,,,,,,,,
Sunday U16 Girls Div  5,Vampires Basketball U16 Girls Shooting Stars,,,,,,,,,
Sunday U16 Girls Div  6,Bayside Warriors U16 Girls Blue,,,,,,,,,
Sunday U16 Girls Div  6,Lakers U16 Girls Blue,,,,,,,,,
Sunday U16 Girls Div  6,Lakers U16 Girls Ruby,,,,,,,,,
Sunday U16 Girls Div  6,Maccabi U16 Girls Fever,Maccabi U12 Girls Warriors,Maccabi U14 Girls Warriors,Maccabi U16 Girls Storm,,,,,,
Sunday U16 Girls Div  6,Maccabi U16 Girls Liberty,,,,,,,,,
Sunday U16 Girls Div  6,Maccabi U16 Girls Mercury,Maccabi U14 Girls Fever,,,,,,,,
Sunday U16 Girls Div  6,RAPTORS U16 Girls Rebecca,,,,,,,,,
Sunday U16 Girls Div  6,U16 Girls Saints - Lynx,U14 Girls Saints - Fever,U16 Girls Saints - Flames,,,,,,,
Sunday U18 Girls Div  1,Airballers,Young-ish,,,,,,,,
Sunday U18 Girls Div  1,JETS U18 Girls Craig,JETS U12 Girls Claire & Emma,,,,,,,,
Sunday U18 Girls Div  1,Lakers U18 Girls Ruby,Lakers U16 Girls Turquoise,Lakers Open Women Violet,,,,,,,
Sunday U18 Girls Div  1,Mighty Wolves U18 Girls,,,,,,,,,
Sunday U18 Girls Div  1,Storm Warriors U18 Girls,Falcon Warriors U16 Girls,JETS U16 Girls Oliver,U16 Girls Saints - Storm,,,,,,
Sunday U18 Girls Div  1,U18 Girls Saints - Saints,U16 Girls Saints - Storm,,,,,,,,
Sunday U18 Girls Div  2,Carnegie Chargers U18 Girls Allen,,,,,,,,,
Sunday U18 Girls Div  2,JETS U18 Girls Ariel,,,,,,,,,
Sunday U18 Girls Div  2,JETS U18 Girls Eric,JETS U14 Girls Sophia,JETS U14 Girls Eric,JETS U16 Girls Joseph,,,,,,
Sunday U18 Girls Div  2,JETS U18 Girls Ohad,JETS U16 Girls Joseph,,,,,,,,
Sunday U18 Girls Div  2,Lakers U18 Girls Yellow,Lakers U16 Girls Turquoise,,,,,,,,
Sunday U18 Girls Div  2,U18 Girls Saints - Panthers,,,,,,,,,
Sunday U18 Girls Div  3,Carnegie Chargers U18 Girls Aces,Carnegie Chargers U16 Girls Mia,Carnegie Chargers U16 Girls Simon,,,,,,,
Sunday U18 Girls Div  3,Lakers U18 Girls Cobalt,,,,,,,,,
Sunday U18 Girls Div  3,Lakers U18 Girls Red,,,,,,,,,
Sunday U18 Girls Div  3,RAPTORS U18 Girls Michael,RAPTORS U16 Girls Jon,,,,,,,,
Sunday U18 Girls Div  3,Snow Wolves U18 Girls,,,,,,,,,
Sunday U18 Girls Div  3,U18 Girls Saints - Flames,,,,,,,,,
Sunday U18 Girls Div  4,Blue Wolves U18 Girls,,,,,,,,,
Sunday U18 Girls Div  4,Lakers U18 Girls Crimson,,,,,,,,,
Sunday U18 Girls Div  4,Maccabi U18 Girls Warriors,,,,,,,,,
Sunday U18 Girls Div  4,MM U18 Girls Pandas,,,,,,,,,
Sunday U18 Girls Div  4,MM U18 Girls Tigers,MM U16 Girls Lynx,MM U14 Girls Dream,,,,,,,
Sunday U18 Girls Div  4,Vampires Basketball U18 Girls Dolphins,,,,,,,,,
Sunday U20 Boys Div  1,Carnegie Chargers U20 Boys Simon,,,,,,,,,
Sunday U20 Boys Div  1,JETS U20 Boys Green,,,,,,,,,
Sunday U20 Boys Div  1,JETS U20 Boys Jeremy,,,,,,,,,
Sunday U20 Boys Div  1,Lakers U20 Boys Burgundy,,,,,,,,,
Sunday U20 Boys Div  2,Black Wolves U20 Boys,,,,,,,,,
Sunday U20 Boys Div  2,Lakers U20 Boys Yellow,,,,,,,,,
Sunday U20 Boys Div  2,MM U20 Boys Lightning,,,,,,,,,
Sunday U20 Boys Div  2,Rim Reapers,,,,,,,,,
Sunday U20 Boys Div  2,Snow Wolves U20 Boys,,,,,,,,,
Sunday U20 Boys Div  2,Viking Warriors U20 Boys,,,,,,,,,
Sunday U20 Boys Div  3,BBB's,,,,,,,,,
Sunday U20 Boys Div  3,JETS U20 Boys Ash,,,,,,,,,
Sunday U20 Boys Div  3,Lakers U20 Boys Crimson,,,,,,,,,
Sunday U20 Boys Div  3,Lakers U20 Boys Red,,,,,,,,,
Sunday U20 Boys Div  3,Lightning Wolves U20 Boys,,,,,,,,,
Sunday U20 Boys Div  3,MSF,Sapphire Wolves U12 Girls,,,,,,,,
Sunday U20 Boys Div  3,Vampires Basketball U20 Boys Warriors,,,,,,,,,
Sunday U20 Boys Div  3,WYLL Wizards,OG Raptors,,,,,,,,<3 pm
Sunday U8 Girls PINK,Lakers U8 Girls Aqua,,,,,,,,,
Sunday U8 Girls PINK,MM U8 Girls Rainbows,MM U10 Girls Jaguars,,,,,,,,
Sunday U8 Girls PINK,MM U8 Girls Spirit,,,,,,,,,
Sunday U8 Girls PINK,St Kilda Warriors BRAVE U8 Girls,,,,,,,,,
Sunday U8 Girls PINK,Star Wolves U8 Girls,,,,,,,,,
Sunday U8 Girls PINK,Thunder Wolves U8 Girls,,,,,,,,,
Sunday U8 Girls PINK,U8 Girls Saints - Dream,,,,,,,,,
Sunday U8 Girls PINK,U8 Girls Saints - Flyers,,,,,,,,,
Sunday U8 Girls PINK,Vampires Basketball U8 Girls Little Legends,,,,,,,,,
Sunday U8 Girls PURPLE,Carnegie Chargers U8 Girls Tom,,,,,,,,,
Sunday U8 Girls PURPLE,JETS U8 Girls Serge,,,,,,,,,
Sunday U8 Girls PURPLE,JETS U8 Girls Sinem,JETS U10 Girls Sinem,,,,,,,,
Sunday U8 Girls PURPLE,Snow Wolves U8 Girls,U14 Girls Saints - Storm,U16 Girls Saints - Stars,,,,,,,
Sunday U8 Girls PURPLE,U8 Girls Saints - Stars,,,,,,,,,
Sunday U8 Girls PURPLE,Vampires Basketball U8 Girls Diamonds,,,,,,,,,
